Price,shipping cost,promo,seller,Promotions,type promo,Discount,Availability,Delivery options,FEES,LEAD TIME,Average rating,Count of rating,5 star,4 star,3 star,2 star,1 star,Count of review,sku,size,style,pattern,version,country,Product title,description,bullets,images_count,images_URL,Video_carousel,Video_content,Video Premium,content A+,Premium A+,Labels,editorial_module,Characteristics comparison,timestamp,requested_timestamp,input_url,warning,warning_code,error
125.99,GRATUITE,Y,SEB,"31,50  € x 4",,-9 %,En stock,Livraison GRATUITE mardi 17 octobre. DétailsOu livraison accélérée lundi 16 octobre. Commandez dans les 3 h 3 min. DétailsLivraison GRATUITE mardi 17 octobre. DétailsOu livraison accélérée lundi 16 octobre. Commandez dans les 3 h 3 min. DétailsLivraison GRATUITE mercredi 18 octobre. DétailsOu livraison accélérée mardi 17 octobre. Commandez dans les 3 h 3 min. DétailsRetrait GRATUIT mardi 17 octobre. Commandez dans les 2 h 8 min ,25.197999999999997,mardi 17 octobre,"4,6",638,81%,10%,3%,2%,4%,638,B09J8WY5FP,, ‎P4705105 ,,,fr,"Seb Clipsominut'Ultra Resist Finition Pierre Cocotte-minute 5 L + livre recettes, Autocuiseur induction, Effet Pierre, Utilisation simple, Fabriqué en France P4705105"," Vapeur ou mijoter, il est fait pour vous, grâce à son système de sélection à deux modes de cuisson. Le ClipsoMinut' Ultra Resist de Seb est le premier autocuiseur 2 en 1, à la fois autocuiseur et faitout. Sélectionnez facilement votre mode de cuisson via son sélecteur intelligent pour cuisiner vos soupes, poissons, légumes, viandes et sauces. Son revêtement finition pierre enrichi de particules de titane et de minéraux le rend ultra résistant. Grâce à son revêtement anti-adhésif, nettoyer votre autocuiseur n'aura jamais été aussi simple. "," À propos de cet article LE PREMIER AUTOCUISEUR 2 EN 1 : cocotte-minute compacte (5 L) pour cuisiner à la vapeur jusqu'à 2 fois plus rapidement, et faitout pour réaliser des plats mijotés savoureux PRATIQUE : Ouverture/fermeture facile d'une seule main ; cocotte-minute compatible tous feux dont induction et lave-vaisselle (sauf joint et soupape) ULTRA RESISTANT et facile à nettoyer grâce à son revêtement antiadhésif finition pierre enrichi de particules de titane et de minéraux INCLUS : livre de 100 recettes, panier vapeur en acier inoxydable, application mobile gratuite de 300 recettes ""Smart & Tasty"" FABRIQUE EN FRANCE ; autocuiseur testé pour 30 ans de sécurité ; pièces de rechange disponibles pendant un minimum de 10 ans après l'achat ACCESSOIRES COMPATIBLES : panier vapeur 792654, joint X1010007, soupape 1530000553, minuteur X1060008 ",7,"[""https://m.media-amazon.com/images/I/41ZC5ou9WES._AC_US75_.jpg"",""https://m.media-amazon.com/images/I/416UIlzfcPS._AC_US75_.jpg"",""https://m.media-amazon.com/images/I/41MGIxQYheS._AC_US75_.jpg"",""https://m.media-amazon.com/images/I/41zf60rX4hS._AC_US75_.jpg"",""https://m.media-amazon.com/images/I/41brLJzhkwS._AC_US75_.jpg"",""https://m.media-amazon.com/images/I/41EykSdtDiS._AC_US75_.jpg"",""https://m.media-amazon.com/images/I/51nYau8ZPpL.SS125_PKplay-button-mb-image-grid-small_.jpg""]",,Y,Y,N,Y,,Y,,2023-10-12T20:57:55.112Z,2023-10-12T20:54:14.823Z,https://www.amazon.fr/dp/B09J8WY5FP/?psc=1,,,
74.99,GRATUITE,Y,Tefal,,,-25 %,En stock, Livraison GRATUITE jeudi 19 octobre. DétailsOu livraison accélérée mercredi 18 octobre. Commandez dans les 2 h 58 min. DétailsLivraison GRATUITE jeudi 19 octobre. DétailsOu livraison accélérée mercredi 18 octobre. Commandez dans les 2 h 58 min. DétailsLivraison GRATUITE jeudi 19 octobre. DétailsOu livraison accélérée mercredi 18 octobre. Commandez dans les 2 h 58 min. DétailsLivraison GRATUITE vendredi 20 octobre. DétailsOu livraison accélérée jeudi 19 octobre. Détails ,14.998,jeudi 19 octobre,"4,4",152,68%,18%,4%,2%,8%,152,B09TBHKP96,, ‎L1599902 ,,,fr,"Tefal Ingenio Easy on Batterie de Cuisine 10 Pièces, Non Induction, Revêtement Antiadhésif, Indicateur de Démarrage de Cuisson, Base de Diffusion, Cuisson Saine, Cuisson Sûre, Fabriqué en France"," Vous voulez vous simplifier la vie en cuisine ? Ingenio est là pour vous aider ! Grâce à sa poignée amovible, vous pourrez cuire sur la plaque de cuisson, gratiner vos recettes au four et conserver les restes au frigo. Et en plus, gagnez de la place dans vos placards grâce à son empilabilité : Ingenio, c’est bien plus qu’une poêle ! Tout le monde sait qu'une cuisine délicieuse prend du temps, mais le nettoyage ne devrait pas en prendre. La gamme Tefal Ingenio Easy On a été conçue pour vous faciliter la vie au quotidien, avec des surfaces entièrement revêtues pour un nettoyage en douceur et sans effort et des résultats de cuisson parfaits. "," À propos de cet article INGENIO C’EST BIEN PLUS QU’UNE POÊLE : vous pourrez cuire sur la plaque de cuisson, gratiner vos recettes au four et conserver les restes au frigo CONTENU : poêles antiadhésives 22/24/26 cm + casseroles 16/18 cm (1,5/2,1 L) + couvercles hermétiques 16/18 cm + 2 spatules (A angle, louche) + 1 poignée amovible TOUS FEUX SAUF INDUCTION : compatible gaz, électrique et vitrocéramique REVÊTEMENT : revêtement enrichi en Titane offre des performances antiadhésives exceptionnelles. (antiadhésif sûr, sans PFOA, sans plomb, sans cadmium) POIGNEE AMOVIBLE ULTRA SECURISEE : la poignée amovible sûre et brevetée bénéficie d’une garantie de 10 ans FABRICATION FRANÇAISE : entièrement conçu et fabriqué en France INDICATEUR DE DEMARRAGE DE CUISSON : l’innovation Thermo-Signal change de couleur quand vous pouvez démarrer la cuisson pour une saisie parfaite à chaque usage BASE DE DIFFUSION DE CHALEUR : la chaleur est répartie uniformément sur toute la surface de la poêle pour des résultats de cuisson exceptionnellement homogènes GAIN DE PLACE : grâce à son empilabilité, Ingenio vous fait gagner de la place dans vos placards FACILE A NETTOYER à l’intérieur comme à l’extérieur : lavage à la main facile et compatible au lave-vaisselle Afficher plus ",7,"[""https://m.media-amazon.com/images/I/31BrBsdPMXL._AC_US75_.jpg"",""https://m.media-amazon.com/images/I/315Kb15FyjL._AC_US75_.jpg"",""https://m.media-amazon.com/images/I/51HPqM8l3BL._AC_US75_.jpg"",""https://m.media-amazon.com/images/I/31oBnbnh5iL._AC_US75_.jpg"",""https://m.media-amazon.com/images/I/51hCv-4tv5L._AC_US75_.jpg"",""https://m.media-amazon.com/images/I/51ZJpB8OLWL._AC_US75_.jpg"",""https://m.media-amazon.com/images/I/51xRXYeR65L.SS125_PKplay-button-mb-image-grid-small_.jpg""]",,Y,N,N,N,,N,,2023-10-12T21:03:14.401Z,2023-10-12T20:54:14.823Z,https://www.amazon.fr/dp/B09TBHKP96/?psc=1,,,
,,N,Tefal,,,,,,0,,"4,5",130,68%,20%,5%,3%,4%,130,B096W3HCYV,,,,,fr,"Tefal Chefclub by Tefal Set 4 ustensiles, Louche, Cuillère, Spatule à angle, Spatule à crêpes, Anneau de sécurité silicone, Haute qualité, Résistant à la chaleur jusqu'à 230°C K263S404"," Mamma mia ! Chefclub by Tefal a créé des ustensiles parfaits pour devenir un ""maestro"" en cuisine. Avec ces produits colorés et astucieux, apportez une touche de fraîcheur à votre table et cuisinez bien ! Les super recettes vidéo de Chefclub vous apporteront l’inspiration pour cuisiner les meilleurs repas au quotidien. Les ustensiles Chefclub by Tefal sont dotés d'un anneau de sécurité unique en silicone qui les empêche de glisser dans le récipient et protège le manche des hautes températures des bords des poêles et casseroles. Tournez, retournez, remuez, re-retournez vos ingrédients sans abîmer vos casseroles et poêles, servez et bon appétit ! "," À propos de cet article Cet article n est plus en solde ! RETOURNEZ ET HOP : tournez, retournez et remuez vos ingrédients sans abîmer vos casseroles, jusqu'à 230°C, servez et bon appétit ! POUR LES AMOUREUX DE LA CUISINE : l'expertise Tefal pour des recettes délicieuses et la créativité de Chefclub pimenteront votre expérience culinaire ! 1,2,3 C’EST NETTOYÉ : On vous soutient et on vous aide ! Mettez juste votre ustensile dans le lave-vaisselle ! PETIT CONSEIL ENTRE NOUS : Vous ne savez pas où mettre votre ustensile pendant que vous cuisinez ? Voyez-vous cet anneau de couleur en silicone ? Oui, celui du milieu ! Il empêche votre ustensile de glisser dans votre casserole ! ",7,"[""https://m.media-amazon.com/images/I/41w2T0da96S._AC_US75_.jpg"",""https://m.media-amazon.com/images/I/21Ox7pU7MIS._AC_US75_.jpg"",""https://m.media-amazon.com/images/I/31rfVEQ+9PS._AC_US75_.jpg"",""https://m.media-amazon.com/images/I/21xI0Yi5oQS._AC_US75_.jpg"",""https://m.media-amazon.com/images/I/31sosrFPi0S._AC_US75_.jpg"",""https://m.media-amazon.com/images/I/21koYnPr2dS._AC_US75_.jpg"",""https://m.media-amazon.com/images/I/51kSciLgJ-L.SS125_PKplay-button-mb-image-grid-small_.jpg""]",,Y,N,N,N,,N,,2023-10-12T20:56:48.508Z,2023-10-12T20:54:14.823Z,https://www.amazon.fr/dp/B096W3HCYV/?psc=1,,,
23.99,GRATUITE,Y,EMSA,,,-14 %,En stock, Livraison GRATUITE mercredi 18 octobre lors de votre première commande. DétailsOu livraison accélérée lundi 16 octobre. Commandez dans les 3 h 4 min. DétailsRetrait GRATUIT mardi 17 octobre lors de votre première commande. Commandez dans les 18 h 4 min ,4.797999999999999,mercredi 18 octobre,"4,5",100,74%,14%,7%,2%,3%,100,B092JH8V33," ‎7 x 7 x 21,5 cm; 29 grammes ",,,,fr,"EMSA Bludrop Sleeve gourde 0,5 L Noir, Durable, Acier inoxydable 18/10, Hermétique, Manchette silicone ergonomique, Facile à utiliser, Boissons chaudes et froides, Compatible lave-vaisselle N3110500"," Avec la gourde réutilisable Bludrop d'Emsa, optez pour une alternative durable aux bouteilles plastiques. Fabriquée en acier inoxydable 18/10 et dotée d'une manchette en silicone antidérapante, elle est ultra robuste et 100% compatible lave-vaisselle. Grâce à son bouchon intégré, vous n'avez aucun risque de l'échapper ou de le perdre. On accède directement à la boisson en un clic. La gourde est 100% hermétique. Dotée d'une excellente rétention de chaleur, elle maintient vos boissons 12h au chaud et 24h au froid. Garantie 5 ans. "," À propos de cet article Bouteille réutilisable en acier inoxydable respectueux de l'environnement avec un design élégant et ergonomique et un brassard en silicone Bouteille d'eau en acier inoxydable avec couvercle à pression rapide et rebord à 360° pour une ouverture/une consommation facile de tous les côtés ; bouteille dans une gamme de couleurs élégantes Bouteille d'eau en acier inoxydable avec une excellente rétention de la température Les boissons froides refroidissent jusqu'à 24 heures et les boissons chaudes restent chaudes jusqu'à 12 heures 100 % lavable au lave-vaisselle Pour un nettoyage sans effort et une hygiène optimale ; 100 % étanche Pour une fiabilité absolue lors de vos déplacements ; taille idéale pour une vie nomade, capacité de 0,5 L Contenu de la livraison : bouteille d'eau noire Emsa N31105 Bludrop Sleeve 0,5 litre Remarque Si le liquide est gazéifié ou chaud, la pression peut s'accumuler dans la bouteille ! Si le Quick Press est difficile ou impossible à utiliser, dévissez soigneusement le couvercle afin que la pression puisse s'échapper ! Le Quick Press peut alors fonctionner à nouveau normalement ! Le couvercle de votre bouteille Bludrop passe au lave-vaisselle et nous vous recommandons de laver le récipient en acier inoxydable à la main. ",7,"[""https://m.media-amazon.com/images/I/31Xov1OYPyL._AC_US75_.jpg"",""https://m.media-amazon.com/images/I/31uZsT8d4oL._AC_US75_.jpg"",""https://m.media-amazon.com/images/I/311PkJTj0vL._AC_US75_.jpg"",""https://m.media-amazon.com/images/I/41GvseQ8CSL._AC_US75_.jpg"",""https://m.media-amazon.com/images/I/41x4BZkT4UL._AC_US75_.jpg"",""https://m.media-amazon.com/images/I/31WG565l22L._AC_US75_.jpg"",""https://m.media-amazon.com/images/I/51h4vRtaq4L.SS125_PKplay-button-mb-image-grid-small_.jpg""]",,Y,N,N,N,,N,,2023-10-12T20:59:08.267Z,2023-10-12T20:54:14.823Z,https://www.amazon.fr/dp/B092JH8V33/?psc=1,,,
16.38,GRATUITE,Y,EMSA,,,-13 %,En stock, Livraison GRATUITE mardi 17 octobre lors de votre première commande. DétailsOu livraison accélérée samedi 14 octobre. Commandez dans les 3 h 4 min. DétailsRetrait GRATUIT mardi 17 octobre lors de votre première commande. Commandez dans les 22 h 44 min ,3.276,mardi 17 octobre,"4,4",1141,67%,17%,10%,3%,4%,1141,B06XRHZ6LL, ‎28 x 28 x 18 cm; 260 grammes , ‎518137 ,,,fr,"EMSA 518137 Boîte à Lunch Tritan-Princesse avec Gourde, Multicolore, 28 x 28 x 18 cm"," Description du produit Emsa Gourde enfant 0,4l + boîte à pain princesse 518137 Contenu du coffret Boîte à lunch ", À propos de cet article Matériau: Tritan Motif: Princesse Avec Gourde Fabriqué en Allemagne ,7,"[""https://m.media-amazon.com/images/I/31hMYyftQcL._AC_US75_.jpg"",""https://m.media-amazon.com/images/I/31SPUq+BxNL._AC_US75_.jpg"",""https://m.media-amazon.com/images/I/31t0tNcc-QL._AC_US75_.jpg"",""https://m.media-amazon.com/images/I/51YrQ7AtbTL._AC_US75_.jpg"",""https://m.media-amazon.com/images/I/413bSjKIL5S._AC_US75_.jpg"",""https://m.media-amazon.com/images/I/31ao0YcRohL._AC_US75_.jpg"",""https://m.media-amazon.com/images/I/51AV9+wgUEL.SS125_PKplay-button-mb-image-grid-small_.jpg""]",,Y,N,N,N,,N,,2023-10-12T20:56:46.367Z,2023-10-12T20:54:14.823Z,https://www.amazon.fr/gp/product/B06XRHZ6LL/ref=ox_sc_act_title_1?smid=A1X6FK5RDHNB96&psc=1,,,
21.90,GRATUITE,N,EMSA,,,,En stock, Livraison GRATUITE mercredi 18 octobre lors de votre première commande. DétailsOu livraison accélérée samedi 14 octobre. Commandez dans les 2 h 55 min. DétailsRetrait GRATUIT lundi 16 octobre lors de votre première commandeOu retrait accéléré samedi 14 octobre. Commandez dans les 2 h 55 min ,4.38,mercredi 18 octobre,"4,6",376,77%,11%,6%,3%,3%,376,B08GM8FV74," ‎7,2 x 7,2 x 15 cm; 220 grammes ", ‎N21603 ,,,fr,"EMSA Travel Mug Compact Tasse Mug isotherme vert 0,3 L Isolation double paroi boissons chaudes café 3h fraîches 6h Acier inoxydable revêtement silicone N2160300"," Emportez partout votre mug isotherme, en savourant chaque gorgée. Fini les gobelets jetables ! Son isolation double paroi permet de conserver 3 heures votre boisson chaude, et 6 heures votre boisson froide. Avec sa contenance de 0,3L, son accès à la boisson à 360°, et son revêtement en silicone doux au toucher, vous pourrez utiliser partout votre mug au design tendance. Garantie 5 ans. "," À propos de cet article 100 % HERMETIQUE : le Travel Mug Compact est idéal pour transporter votre café, avec sa contenance de 0,3L, compatible avec la plupart des machines à café CONSERVATION OPTIMALE : grâce à son isolation sous vide à double paroi, vous pouvez conserver 3 h vos boissons chaudes et 6 h vos boissons fraîches FACILE A UTILISER : ouverture facile et utilisation à 360°, la boisson est accessible dans toutes les positions TENDANCE ET ERGONOMIQUE : acier inoxydable de qualité, revêtement silicone au motif diamant et assurant une bonne prise en main, base antidérapante GARANTIE 5 ANS pour une qualité durable PRATIQUE : s'intègre dans les porte-gobelets standards de voiture NETTOYAGE FACILE : se démonte et passe au lave-vaisselle, couvercle et corps. Sans BPA ",7,"[""https://m.media-amazon.com/images/I/31anbF0kW3S._AC_US75_.jpg"",""https://m.media-amazon.com/images/I/31ThhA1jUhS._AC_US75_.jpg"",""https://m.media-amazon.com/images/I/31umZObGZ5L._AC_US75_.jpg"",""https://m.media-amazon.com/images/I/31JMh0ndpsS._AC_US75_.jpg"",""https://m.media-amazon.com/images/I/41PWZtaiv9L._AC_US75_.jpg"",""https://m.media-amazon.com/images/I/31C7DgwqyhS._AC_US75_.jpg"",""https://m.media-amazon.com/images/I/41EKPuSOgdL.SS125_PKplay-button-mb-image-grid-small_.jpg""]",,Y,N,N,N,,N,,2023-10-12T21:05:34.380Z,2023-10-12T20:54:14.823Z,https://www.amazon.fr/dp/B08GM8FV74/?psc=1,,,
20.99,GRATUITE,N,Tefal,,,,En stock, Livraison GRATUITE mardi 17 octobre lors de votre première commande. DétailsOu livraison accélérée lundi 16 octobre. Commandez dans les 3 h 3 min. DétailsRetrait GRATUIT lundi 16 octobre lors de votre première commande. Commandez dans les 1 h 3 min ,4.1979999999999995,mardi 17 octobre,"4,7",1315,78%,15%,4%,1%,1%,1315,B0787HND43," ‎8,2 x 8,2 x 20,4 cm; 388 grammes ", ‎K3082114 ,,,fr,"Tefal Travel Mug isotherme 0,36 L, 100 % hermétique, Conservation et maintien de la température optimales, Ouverture par pression, Accès boisson à 360°, Sans BPA, Base antidérapante K3082114"," Système d'ouverture innovant : ouverture pour boire à 360°, vous pouvez boire de tous côtés. Une pression rapide du couvercle suffit pour l'ouvrir. Ergonomie parfaite. "," À propos de cet article 100 % hermétique, facile à transporter, en toute sécurité et design moderne ; qualité premium Tefal Conservation optimale et maintien de la température, pour les boissons chaudes (4h) et froides (8h) avec isolation double paroi sous vide Ouverture par simple pression rapide, ouverture pour boire à 360° très pratique ; fonds antidérapant pour ne pas glisser sur la table Revêtement silicone attractif pour une bonne prise en main, avec motif sur le thème du café Sans BPA, et compatible lave-vaisselle, pour un nettoyage facile S'adapte aux porte-gobelets standards de voiture ",7,"[""https://m.media-amazon.com/images/I/31tEfXmWMcL._AC_US75_.jpg"",""https://m.media-amazon.com/images/I/41FN66ynxgL._AC_US75_.jpg"",""https://m.media-amazon.com/images/I/31Mf4Kf-bkL._AC_US75_.jpg"",""https://m.media-amazon.com/images/I/31ld-mdsnnL._AC_US75_.jpg"",""https://m.media-amazon.com/images/I/315-fV6KJbL._AC_US75_.jpg"",""https://m.media-amazon.com/images/I/51R6ROqzp3L._AC_US75_.jpg"",""https://m.media-amazon.com/images/I/41mtLCHrBpL.SS125_PKplay-button-mb-image-grid-small_.jpg""]",,Y,N,N,N,,N,,2023-10-12T20:57:47.171Z,2023-10-12T20:54:14.823Z,https://www.amazon.fr/dp/B0787HND43/?psc=1,,,
19.99,GRATUITE,Y,Tefal,,,-35 %,En stock, Livraison GRATUITE mardi 17 octobre lors de votre première commande. DétailsOu livraison accélérée lundi 16 octobre. Commandez dans les 3 h 4 min. DétailsRetrait GRATUIT mercredi 18 octobre lors de votre première commande. Commandez dans les 22 h 4 min ,3.9979999999999993,mardi 17 octobre,"4,7",4061,80%,14%,2%,1%,3%,4061,B07BCP6F1L," ‎29,7 x 15,8 x 2 cm; 360 grammes ",,,,fr,"Tefal Set 4 couteaux à steak, Acier inoxydable, Noir, 29.7 x 15.8 x 2 cm"," Grâce à la technologie Ice Force, les couteaux Ice Force offrent une expérience optimale en cuisine. Pour une finition parfaite et une résistance accrue à la corrosion, les lames sont renforcées par traitement cryogénique à -120 °C. Une collection de couteaux indispensable pour trancher, couper en dés et hacher à volonté. ", À propos de cet article TECHNOLOGIE ICE FORCE : la lame du couteau à trancher est refroidie à -120 °C pour un tranchant et des performances de coupe optimales et durables DES PERFORMANCES JUSQU'À 2 FOIS PLUS DURABLES : par rapport à d’autres gammes inox Tefal GAMME COMPLÈTE : gamme complète d'accessoires essentiels dans une variété de formes pour répondre à tous vos besoins ACIER INOXYDABLE ALLEMAND : la lame de haute qualité promet une résistance élevée et des performances de coupe exceptionnelles dans le temps GARANTIE 10 ANS : des produits faits pour durer TRADITION ET MODERNITÉ S’ASSOCIENT : esthétique classique et lignes épurées fusionnent dans un équilibre parfait Technologie Ice Force Performances durables Acier inoxydable allemand Tradition et modernité Conçu pour durer Afficher plus ,7,"[""https://m.media-amazon.com/images/I/41e07UFeooL._AC_US75_.jpg"",""https://m.media-amazon.com/images/I/21K6TLh3qpL._AC_US75_.jpg"",""https://m.media-amazon.com/images/I/21HYlxbk30L._AC_US75_.jpg"",""https://m.media-amazon.com/images/I/41BywvvpFVL._AC_US75_.jpg"",""https://m.media-amazon.com/images/I/41LT57OaDtL._AC_US75_.jpg"",""https://m.media-amazon.com/images/I/51a8xk4Ur2L._AC_US75_.jpg"",""https://m.media-amazon.com/images/I/610B3wKFCFL.SS125_PKplay-button-mb-image-grid-small_.jpg""]",,Y,N,N,Y,,N,,2023-10-12T20:56:24.787Z,2023-10-12T20:54:14.823Z,https://www.amazon.fr/dp/B07BCP6F1L/?psc=1,,,
27.99,GRATUITE,N,EMSA,,,,En stock,Livraison GRATUITE mardi 17 octobre lors de votre première commande. DétailsOu livraison accélérée demain 13 octobre. Commandez dans les 2 h 40 min. DétailsLivraison GRATUITE mardi 17 octobre lors de votre première commande. DétailsOu livraison accélérée demain 13 octobre. Commandez dans les 2 h 40 min. DétailsLivraison GRATUITE mardi 17 octobre lors de votre première commande. Commandez dans les 56 min. DétailsRetrait GRATUIT jeudi 19 octobre lors de votre première commande ,5.598,mardi 17 octobre,"4,6",11925,75%,16%,5%,2%,2%,11925,B08GHN366K, ‎20L x 14l x 27H centimètres , ‎N10307 ,,,fr,"EMSA Emsa Clip and Close Lot de 5 boîtes rectangulaires de conservation plastique 0.8 L, Plastique, Bleu"," Ne jetez plus ! Grâce au joint fraîcheur Emsa qui ne laisse aucun interstice : les germes ou les résidus de lavage altérant la fraîcheur n'ont aucun endroit où se nicher. Les aliments restent frais plus longtemps ! Ce lot de 5 boîtes est idéal pour préparer les repas de la semaine en une seule fois ! Une boîte de conservation 100 % hermétique et hygiénique ; elle est parfaite pour le transport d'aliments, et garantie sans odeur. 100 % sans risque (sans BPA), elle est adaptée à l'alimentation des bébés. Enfin, elle est pratique avec ses graduations intérieures. Compatible micro-ondes, congélateur, lave-vaisselle. Les boîtes Clip&Close Emsa sont emboîtables et empilables, un gain de place assuré dans vos placards ! Fabriquée avec tout notre savoir-faire allemand, cette boîte est garantie 30 ans! "," À propos de cet article PREPAREZ VOS REPAS A L'AVANCE : 5 boîtes pour 5 jours, le set idéal pour préparer vos repas de la semaine en une seule fois 100 percent HERMETIQUES, HYGIENIQUES ET SANS ODEUR grâce au joint fraîcheur Emsa qui empêche toute prolifération microbienne 100 percent COMPATIBLES : micro-ondes (en ouvrant le couvercle et en le posant en diagonale sur la boîte), lave-vaisselle, congélateur SANS BPA : adaptées à l'alimentation des bébés Fabriquées en Allemagne 100 percent PRATIQUE : avec les graduations intérieures. GAIN DE PLACE : boîtes empilables et emboîtables Garantie 30 ans ",7,"[""https://m.media-amazon.com/images/I/417wk1jtglL._AC_US75_.jpg"",""https://m.media-amazon.com/images/I/312pHyI-fGL._AC_US75_.jpg"",""https://m.media-amazon.com/images/I/41-88VmGx+L._AC_US75_.jpg"",""https://m.media-amazon.com/images/I/51VD+rRKQaL._AC_US75_.jpg"",""https://m.media-amazon.com/images/I/51tc1Da9GbL._AC_US75_.jpg"",""https://m.media-amazon.com/images/I/41yjLJrd2UL._AC_US75_.jpg"",""https://m.media-amazon.com/images/I/51AV9+wgUEL.SS125_PKplay-button-mb-image-grid-small_.jpg""]",,Y,N,N,N,,N,,2023-10-12T21:05:21.557Z,2023-10-12T20:54:14.823Z,https://www.amazon.fr/dp/B08GHN366K/?psc=1,,,
95.92,GRATUITE,N,Tefal,"23,98  € x 4",,,,Livraison GRATUITE 19 - 25 octobreOu livraison accélérée 17 - 23 octobre. DétailsLivraison GRATUITE 19 - 25 octobreOu livraison accélérée 17 - 23 octobre. DétailsLivraison GRATUITE mardi 17 octobre. Commandez dans les 1 h 3 min. DétailsRetrait GRATUIT 19 - 26 octobreOu retrait accéléré 17 - 24 octobre ,19.184,19 - 25 octobre,"4,6",7394,75%,16%,6%,2%,2%,7394,B00RHK1A8W,, ‎P2530738 ,,,fr,"Tefal Secure 5 Neo Cocotte-minute 6 L, Induction, Inox, Autocuiseur P2530738"," La cocotte-minute Secure 5 Neo vous assure une sécurité optimale ; son système de sécurité exclusif vous permet une utilisation en toute sérénité. Le tout sans altérer les saveurs de vos aliments : faites mijoter du bœuf tendre, une soupe vivifiante, des oignons bruns ou faites cuire à la vapeur vos légumes en préservant leurs vitamines. Sa contenance de 6 L est idéale pour 4/6 personnes. Extrêmement sûr, son système à 5 niveaux de sécurité comprend 3 dispositifs de sécurité contre les surpressions et 2 dispositifs de sécurité pour l'ouverture/fermeture. Fabriqué en acier inoxydable, cet autocuiseur est compatible tous feux dont induction, et lave-vaisselle (cuve et panier uniquement). "," À propos de cet article CUISSON SOUS PRESSION : cocotte-minute 6 L pour 4/6 personnes BIENFAITS NUTRITIONNELS MIEUX PRÉSERVES : grâce aux 2 niveaux de cuisson PANIER VAPEUR : inclus SÉCURITÉ OPTIMALE : verrouillage automatique pour l'ouverture/fermeture et système de sécurité 5 points pour contrôle de la pression en toute sécurité GARANTIE 10 ANS : cuve inox PIÈCES DE RECHANGE : disponibles pendant au moins 10 ans après l'achat COMPATIBILITÉ : lave-vaisselle (cuve et panier uniquement), tous feux dont induction ",7,"[""https://m.media-amazon.com/images/I/41woW3V2tvL._AC_US75_.jpg"",""https://m.media-amazon.com/images/I/41jhLvLT-BL._AC_US75_.jpg"",""https://m.media-amazon.com/images/I/319WzoR-pYL._AC_US75_.jpg"",""https://m.media-amazon.com/images/I/31nZWiH0HGL._AC_US75_.jpg"",""https://m.media-amazon.com/images/I/415NGqbWwXL._AC_US75_.jpg"",""https://m.media-amazon.com/images/I/41NsPKfXLlL.SS125_PKplay-button-mb-image-grid-small_.jpg"",""https://m.media-amazon.com/images/G/08/HomeCustomProduct/imageBlock-360-thumbnail-icon-small._CB610489933_FMpng_RI_.png""]",,Y,N,N,Y,,N,,2023-10-12T20:56:26.062Z,2023-10-12T20:54:14.823Z,https://www.amazon.fr/dp/B00RHK1A8W/?psc=1,,,
170.97,GRATUITE,N,Tefal,"42,74  € x 4",,,En stock," Livraison GRATUITE mercredi 18 octobre. DétailsOu livraison accélérée samedi 14 octobre. Commandez dans les 3 h 2 min. DétailsRetrait à 3,99 € mardi 17 octobre. Commandez dans les 3 h 2 min ",34.194,mercredi 18 octobre,"4,5",39,68%,24%,0%,8%,0%,39,B09CDWW8D6," ‎60,3 x 38,3 x 22,5 cm; 8,94 kilogrammes ", ‎G721SD ,,,fr,"Tefal Batterie de cuisine 13 pièces Poêles + Faitouts + Casserole pâtes + Couvercles + 5 ustensiles, Induction, Acier inoxydable 18/10 haute qualité, Garantie 10 ans, Opti'Space G721SD74"," Optimisez l'espace dans vos placards avec ce set de faitouts OPTI'Space à manche fixe le moins encombrant de Tefal. Parfaitement empilable, cette gamme peut être utilisée sur votre plaque de cuisson, au four, au réfrigérateur pour conserver les restes, ou bien rangée dans votre placard. Son design polyvalent en acier inoxydable de première qualité et ses fonctionnalités pratiques sauront vous faciliter la vie. Compatible tous feux dont induction. "," À propos de cet article ÉCONOMIE D'ESPACE : ustensiles de cuisine conçus pour un empilage facile et un rangement pratique afin de gagner de la place dans vos placards ACIER INOXYDABLE GARANTI 10 ANS : garantissant des performances et une fiabilité durables, découvrez des ustensiles de cuisson de qualité supérieure conçus pour durer CUISSON RAPIDE ET HOMOGENE : la base épaisse Thermo-Fusion assure une cuisson rapide et régulière et une compatibilité totale avec toutes les plaques de cuisson (gaz, électrique, vitrocéramique et induction) GRADUATIONS INTERIEURES : Une conception intelligente avec des graduations intégrées pour des résultats parfaits à chaque fois POIGNEES ANTIDERAPTANTES ET QUI RESTENT FRAICHES : poignées résistantes à la chaleur pour une prise en main sûre et confortable MULTI-FONCTION : découvrez des ustensiles polyvalents qui s'utilisent sur la plaque de cuisson, au four, et au réfrigérateur pour conserver les restes, parfaits pour un usage quotidien ",7,"[""https://m.media-amazon.com/images/I/31akbs1gvbL._AC_US75_.jpg"",""https://m.media-amazon.com/images/I/41ZEfGV4p7L._AC_US75_.jpg"",""https://m.media-amazon.com/images/I/511siV8lFjL._AC_US75_.jpg"",""https://m.media-amazon.com/images/I/41X0JybAYNL._AC_US75_.jpg"",""https://m.media-amazon.com/images/I/511ZyCTvqOL._AC_US75_.jpg"",""https://m.media-amazon.com/images/I/514iZJmohRL._AC_US75_.jpg"",""https://m.media-amazon.com/images/I/418Pdfyv7KL.SS125_PKplay-button-mb-image-grid-small_.jpg""]",,Y,N,N,N,,N,,2023-10-12T20:58:00.168Z,2023-10-12T20:54:14.823Z,https://www.amazon.fr/dp/B09CDWW8D6/?psc=1,,,
,,N,SEB,,,,,,0,,"3,7",374,48%,19%,9%,6%,18%,374,B084FGD65V,, ‎L953SA04 ,,,fr,"Seb Compact Inox Batterie de cuisine 10 pièces, Induction, Poêles 22/24/26 cm, Casseroles 16/18/20 cm, Sauteuse 24 cm, Couvercles 18/20 cm, 1 poignée L953SA04, Noir, argent, ‎35.4 x 35.29 x 26.8 cm"," Réunissant des performances de cuisson optimales avec un maximum de commodité, Seb Compact offre la gamme parfaite pour une cuisson facile au quotidien. Cette batterie de cuisine empilable est compatible tous feux dont induction, et conçue en acier inoxydable de haute qualité. Son design ultra-compact avec poignée détachable permet un rangement facile et optimal. La poignée se positionne en un seul clic, est utilisable pendant la cuisson, puis facilement détachable lorsqu'il est temps de mettre vos poêles et casseroles dans le lave-vaisselle. De la cuisinière au four, de la table au réfrigérateur, Seb Compact assure un nouveau niveau de confort au quotidien, pour une cuisine facile et délicieuse, avec des résultats parfaits. "," À propos de cet article POLYVALENTE : utilisable facilement de la plaque de cuisson au four, de la table au réfrigérateur EMPILABLE : de conception peu encombrante, elle se range facilement dans votre cuisine et dans vos placards HAUTE QUALITÃ‰ : batterie de cuisine en acier inoxydable garanti 5 ans POIGNEE AMOVIBLE : elle se positionne en un clic et s'utilise d'une seule main PRATIQUE : graduations intérieures dans les casseroles COMPATIBILITÃ‰ : tous feux dont induction, lave-vaisselle COMPOSITION : poêles 222426 cmcasseroles 161820 cmsauteuse 24 cmcouvercles 1820 cm1 poignée ",7,"[""https://m.media-amazon.com/images/I/41byaGDcm+L._AC_US75_.jpg"",""https://m.media-amazon.com/images/I/51-xMsd4aTL._AC_US75_.jpg"",""https://m.media-amazon.com/images/I/41++KxnzQmL._AC_US75_.jpg"",""https://m.media-amazon.com/images/I/51jwazNEMlL._AC_US75_.jpg"",""https://m.media-amazon.com/images/I/51yQbOvXGYL._AC_US75_.jpg"",""https://m.media-amazon.com/images/I/51wRQT0Si2L._AC_US75_.jpg"",""https://m.media-amazon.com/images/I/51F-Ox-vGlL.SS125_PKplay-button-mb-image-grid-small_.jpg""]",,Y,N,N,N,,N,,2023-10-12T20:57:03.689Z,2023-10-12T20:54:14.823Z,https://www.amazon.fr/dp/B084FGD65V/?psc=1,,,
55.99,GRATUITE,Y,Tefal,,,-29 %,En stock,Livraison GRATUITE mercredi 18 octobre. DétailsOu livraison accélérée mardi 17 octobre. Commandez dans les 2 h 56 min. DétailsLivraison GRATUITE mercredi 18 octobre. DétailsOu livraison accélérée mardi 17 octobre. Commandez dans les 2 h 56 min. DétailsLivraison GRATUITE vendredi 20 octobre. DétailsOu livraison accélérée jeudi 19 octobre. DétailsRetrait GRATUIT mercredi 18 octobre. Commandez dans les 10 h 11 min ,11.198,mercredi 18 octobre,"4,5",1028,,,,,,1028,B086R9RPBF,, ‎G25908AZ ,,,fr,"Tefal Unlimited On Poêle à frire 32 cm, Revêtement antiadhésif résistant aux rayures, Haute performance, Indicateur de température Thermo-Signal, Cuisson saine, Induction, Fabriqué en France G25908AZ"," La cuisine extrême exige des ustensiles de cuisine capables de résister à des conditions extrêmes. Le tout nouveau revêtement anti-rayures TITANIUM qui offre une durabilité antiadhésive exceptionnelle pouvant résister même aux ustensiles métalliques, est associé à une base induction épaisse THERMO-FUSION +, portant la poêle Tefal Unlimited On à des performances de cuisson d'un haut niveau. "," À propos de cet article REVETEMENT ANTIADHESIF RESISTANT AUX RAYURES : une résistance maximale qui dure jusqu'à 6 fois plus longtemps* ; * Comparé aux autres revêtements Tefal - test interne d'abrasion ECO-RESPONSABLE : produit recyclable avec revêtement antiadhésif sûr (sans PFOA, ni plomb, ni cadmium* ; *Contrôles plus stricts que ceux exigés par la réglementation en vigueur sur le contact alimentaire. Sans plomb ni cadmium signifie sans addition intentionnelle de plomb et cadmium dans les revêtements. Pas de migration à une concentration de 0,005 mg/kg) THERMO-SIGNAL, MAITRISE PARFAITE DE LA TEMPERATURE : il indique la température idéale de démarrage de cuisson pour garantir une texture, une couleur et un goût parfaits TECHNOLOGIE D'INDUCTION AMELIOREE : la base Thermo-Fusion+ de la poêle Unlimited On assure une distribution rapide et optimale de la chaleur pour une cuisson homogène EMBALLAGE ECOLOGIQUE : carton recyclé et recyclable sans aucun polystyrène ni sac plastique IDEALE POUR DE NOMBREUSES RECETTES : grace à sa forme profonde, vous pourrez cuisiner des portions généreuses de légumes sautés, saumon tendre, steak FABRIQUE EN FRANCE par Tefal, N°1 Mondial des articles culinaires* ; *Source : Euromonitor International Limited, édition Home and Garden 2019, valeur de la marque en magasin (RSP), données 2018 COMPATIBLE : tous feux dont induction.Va au four: Oui - Jusqu'à 175 ° C pendant 1 heure ",7,"[""https://m.media-amazon.com/images/I/31FmDtE3-DL._AC_US75_.jpg"",""https://m.media-amazon.com/images/I/51Sj-WUbLeL._AC_US75_.jpg"",""https://m.media-amazon.com/images/I/41sIBxFsSAL._AC_US75_.jpg"",""https://m.media-amazon.com/images/I/41RGjfR9ZjL._AC_US75_.jpg"",""https://m.media-amazon.com/images/I/31hGXkjXVKL._AC_US75_.jpg"",""https://m.media-amazon.com/images/I/514MHWUa0dL._AC_US75_.jpg"",""https://m.media-amazon.com/images/I/61upOfsVfPL.SS125_PKplay-button-mb-image-grid-small_.jpg""]",,Y,N,N,Y,,N,,2023-10-12T21:03:56.111Z,2023-10-12T20:54:14.823Z,https://www.amazon.fr/dp/B086R9RPBF/?psc=1,,,
475.00,GRATUITE,Y,KRUPS,,,-27 %,Il ne reste plus que 14 exemplaire(s) en stock,Livraison GRATUITE jeudi 19 octobre. DétailsLivraison GRATUITE jeudi 19 octobre. DétailsLivraison GRATUITE vendredi 20 octobre. DétailsOu livraison accélérée jeudi 19 octobre. Détails ,95,jeudi 19 octobre,"4,2",262,66%,14%,4%,3%,12%,262,B09S3RK6C2," ‎50 x 50 x 28 cm; 7,78 kilogrammes ", ‎EA897B ,,,fr,"Krups Machine à café grains automatique, 2 boissons simultanées, 8 boissons préréglées, Entretien facile, Plastique recyclé et recyclable, Fabriqué en France, Evidence Eco-Design EA897B10"," La machine expresso automatique KRUPS Evidence Eco-Design permet de préparer un café au goût exceptionnel, tout en adoptant une approche d'écoconception. Découvrez un processus de préparation de boissons 100 % automatique, avec une percolation optimisée du grain à la tasse et une fonction One-Touch Cappuccino. Vous pouvez ainsi servir vos boissons préférées dans une ou deux tasses grâce à un appareil hautes performances, fabriqué à partir de 62 % de plastique recyclé et recyclable jusqu'à 90 %. "," À propos de cet article DESIGN ÉCOLOGIQUE : Une machine expresso automatique offrant un café au goût exceptionnel, le tout avec un design écologique unique pour un impact environnemental réduit (fabriquée à partir de 62 % de plastique recyclé et recyclable jusqu'à 90 %) POLYVALENCE : Une diversité et un choix remarquables, avec un accès direct à 8 boissons à base de café et de lait : ristretto, expresso, lungo, americano, cappuccino, latte macchiato, caffe latte et eau chaude pour le thé SYSTÈME ONE-TOUCH CAPPUCCINO : Un processus simple vous permet de préparer simultanément jusqu'à deux délicieuses tasses de cappuccino ou de latte macchiato, en appuyant sur un bouton. Résultats crémeux à souhait garantis, en toute simplicité BOISSONS PERSONNALISÉES : Adaptez l'intensité de votre café en fonction de vos goûts, choisissez la quantité, ajoutez un jet d'expresso et enregistrez jusqu'à deux de vos recettes préférées REPARABILITE 15 ANS AU JUSTE PRIX : engagement de réparabilité 15 ans au juste prix grâce à notre réseau de 6200 réparateurs dans le monde, pour contribuer à la protection de l’environnement et à la réduction des déchets ",7,"[""https://m.media-amazon.com/images/I/41rIgWmg+8L._AC_US75_.jpg"",""https://m.media-amazon.com/images/I/3112NDt+ohL._AC_US75_.jpg"",""https://m.media-amazon.com/images/I/51hB6LJIPPL._AC_US75_.jpg"",""https://m.media-amazon.com/images/I/41IeaLesDtL._AC_US75_.jpg"",""https://m.media-amazon.com/images/I/51oYDid1rWL._AC_US75_.jpg"",""https://m.media-amazon.com/images/I/517NCBIW4CL.SS125_PKplay-button-mb-image-grid-small_.jpg"",""https://m.media-amazon.com/images/G/08/HomeCustomProduct/imageBlock-360-thumbnail-icon-small._CB610489933_FMpng_RI_.png""]",,Y,Y,N,Y,,Y,,2023-10-12T20:57:08.867Z,2023-10-12T20:54:14.823Z,https://www.amazon.fr/dp/B09S3RK6C2/?psc=1,,,
699.00,GRATUITE,N,KRUPS,,,,En stock, Livraison GRATUITE lundi 16 octobre. DétailsOu livraison accélérée samedi 14 octobre. Commandez dans les 3 h 4 min. Détails ,139.8,lundi 16 octobre,"4,4",486,70%,16%,4%,4%,6%,486,B0B8J5BLLW," ‎44,5 x 29,5 x 47,5 cm; 11,19 kilogrammes ", ‎EA876D10 ,,,fr,"KRUPS Machine à café grain, Pression 15 bars, 17 boissons, Cafetière grain avec broyeur, Système One Touch Cappuccino, Écran tactile, Voyants lumineux, Intuition Expérience, Noir EA876D10"," La machine à café en grains Intuition Experience promet des boissons d'une qualité digne d'un barista, chez vous. L'écran tactile coloré et les voyants lumineux intuitifs vous garantissent une expérience immersive, tandis que le niveau sonore réduit offre encore plus de confort. Avec un accès direct à 17 boissons chaudes, cette machine à café en acier inoxydable propose jusqu'à 4 intensités de café et 4 profils différents pour une personnalisation avancée. "," À propos de cet article NIVEAU SONORE RÉDUIT : la machine à café en grains la plus silencieuse conçue par KRUPS pour une préparation du café agréable et discrète EXPÉRIENCE IMMERSIVE : découvrez une machine à café en grains automatique et hautement intuitive dotée d'un écran tactile coloré offrant un accès direct à toutes vos boissons pour une expérience immersive DIVERSITɠ: choisissez parmi 17 boissons chaudes, d'une qualité digne d'un barista, pour satisfaire tous les amoureux de café DESIGN EN ACIER INOXYDABLE : une cafetière en acier inoxydable avec un fini brossé au niveau du bac de récupération et du bac à grains, ainsi que des voyants sous la buse pour un design élégant qui se marie parfaitement à tous les intérieurs PRODUIT RÉPARABLE PENDANT 15 ANS : livraison rapide et à faible coût depuis 6 500 centres de réparation dans le monde entier, qui s'inscrit dans le cadre de notre engagement à protéger l'environnement et à réduire les déchets MILK ADVANCED TECHNOLOGY : avec le système One Touch Cappuccino et le nettoyage facile du système de lait, toutes vos boissons à base de lait sont à portée de main VOYANTS LUMINEUX INTUITIFS : notre système lumineux exclusif vous permet de préparer votre café, de procéder au remplissage et à l'entretien de la machine dans la plus grande simplicité PERSONNALISATION ULTIME : personnalisez l'intensité de votre café avec un maximum d'arômes grâce au nouveau quatrième niveau d'intensité PROFILS MULTIPLES : enregistrez et profitez plus rapidement de toutes vos boissons préférées avec jusqu'à 4 profils personnalisables pour satisfaire tous les goûts Afficher plus ",7,"[""https://m.media-amazon.com/images/I/419R18A3-FL._AC_US75_.jpg"",""https://m.media-amazon.com/images/I/41gzEyGkuSL._AC_US75_.jpg"",""https://m.media-amazon.com/images/I/410H8szAb4L._AC_US75_.jpg"",""https://m.media-amazon.com/images/I/51Aq+zUjgSL._AC_US75_.jpg"",""https://m.media-amazon.com/images/I/41A9ciOoHIL._AC_US75_.jpg"",""https://m.media-amazon.com/images/I/41QbH4f6VHL._AC_US75_.jpg"",""https://m.media-amazon.com/images/I/51vECZ78vWL.SS125_PKplay-button-mb-image-grid-small_.jpg""]",,Y,N,N,Y,,N,,2023-10-12T20:56:21.527Z,2023-10-12T20:54:14.823Z,https://www.amazon.fr/dp/B0B8J5BLLW/?psc=1,,,
318.20,à 3€,N,Rowenta,,,,Il ne reste plus que 1 exemplaire(s) en stock, Livraison à 3€ 16 - 21 octobre. DétailsLivraison GRATUITE jeudi 19 octobre. Détails ,63.64,16 - 21 octobre,"3,5",273,43%,14%,12%,6%,24%,273,B09V83BYM7," ‎37,98 x 30 x 31,31 cm; 6,67 kilogrammes ",,,,fr,"Rowenta Aspirateur sans fil, Silencieux avec seulement 69 dB(A), Léger, Puissant jusqu'à 140 AW, Autonomie jusqu’à 70 min, Jusqu'à 110 m2, 1 batterie amovible, Flex, X-Ô 70, Blanc IX7757EA"," Description du produit La solution de nettoyage révolutionnaire qui offre toute la puissance d'un aspirateur traîneau avec la praticité imbattable d’un aspirateur balai sans fil. X-Ô de Rowenta conjugue une haute puissance d’aspiration allant jusqu’à 140 air watts et une batterie amovible novatrice à l’hexafluorophosphate de lithium qui permet une autonomie jusqu’à 1h10, pour des appartements ou maisons allant jusqu'à 110m2. Découvrez enfin le nettoyage ultra moderne et sans limites grâce à cet aspirateur sans fil léger et silencieux à la maniabilité infinie. Passer l'aspirateur ne sera plus jamais pareil. Avertissement De Sûreté nc "," À propos de cet article LA LIBERTÉ DU SANS FIL : la révolution de l'aspiration qui vous offre bien plus que les aspirateurs balais les plus performants du marché LE PLUS SILENCIEUX DES ASPIRATEURS SANS FIL : seulement 69 dB(A) en mode Boost, pour un niveau sonore comparable à une conversation normale, pour une expérience de nettoyage moderne et discrète ASPIRATION ULTRA LÉGÈRE : grâce à sa base reposant sur le sol pour une parfaite répartition du poids et à son manche ultra léger, vous pouvez aspirer en toute facilité, jusqu'à 3 fois plus léger qu'un aspirateur balai en utilisation au sol* ASPIRATION TRÈS PUISSANTE : le moteur Digital Force de Rowenta le plus puissant, constitué d’aimants permanents inspirés de la construction automobile, offre une forte puissance d’aspiration allant jusqu’à 140 air watts Réparabilité 15 ans, Garantie 2 ans, Fabriqué en France LONGUE AUTONOMIE : jusqu'à 70 min d'utilisation en mode ECO, 40 min en mode HIGH (sols durs), 20 min en mode MAX (moquettes), idéal pour nettoyer des espaces jusqu'à 110 m² UNE ASPIRATION DANS LES MOINDRES RECOINS : la technologie Flex vous permet d’atteindre les endroits les plus difficiles d'accès, sans vous baisser, pour un nettoyage facilité de tout votre intérieur MANIABILITÉ INFINIE : son design innovant permet un nettoyage en toute fluidité. Ses 58 roues procurent une liberté de mouvement exceptionnelle et une maniabilité à 360° ENTRETIEN FACILE : grand bac à poussière de 1 L permettant de le vider moins fréquemment et tête d'aspiration anti-emmêlement LIVRE AVEC : télécommande, large suceur ameublement plat pour aspirer vos meubles en douceur, suceur fente pour aller dans les moindres recoins et mini turbo brosse pour les poils d'animaux Afficher plus ",7,"[""https://m.media-amazon.com/images/I/31ajbu9XwOL._AC_US75_.jpg"",""https://m.media-amazon.com/images/I/31jTEMB9IFL._AC_US75_.jpg"",""https://m.media-amazon.com/images/I/61dffibYq+L._AC_US75_.jpg"",""https://m.media-amazon.com/images/I/415i4r68ZbL._AC_US75_.jpg"",""https://m.media-amazon.com/images/I/41Pac7Vz0dL._AC_US75_.jpg"",""https://m.media-amazon.com/images/I/41baKqJVm1L._AC_US75_.jpg"",""https://m.media-amazon.com/images/I/41UbXgGvMHL._AC_US75_.jpg""]",,N,Y,N,Y,,Y,,2023-10-12T21:04:58.661Z,2023-10-12T20:54:14.823Z,https://www.amazon.fr/Rowenta-Aspirateur-Puissance-dAspiration-Silencieux/dp/B09V83BYM7/ref=sr_1_1?__mk_fr_FR=�MŎ��&crid=1P6Y6ZG2FT8CT&keywords=3221616018471&qid=1696516152&sprefix=3221616018471%2Caps%2C385&sr=8-1,,,
,,N,Rowenta,,,,,,0,,"4,3",24,71%,13%,0%,7%,8%,24,B09H7K74ST," ‎15 x 30 x 40 cm; 4,7 kilogrammes ",,,,fr,Rowenta X-FORCE FLEX 11.60 ANIMAL KIT RH9879WO, Aspirateur Rowenta RH 9879 X-FORCE FLEX 11.60 Animal , À propos de cet article Marque - Rowenta RH9879 › Voir plus de détails ,7,"[""https://m.media-amazon.com/images/I/41dQCdqrz4L._AC_SR38,50_.jpg"",""https://m.media-amazon.com/images/I/51blFP9ouxL._AC_SR38,50_.jpg"",""https://m.media-amazon.com/images/I/41Po74UIMxL._AC_SR38,50_.jpg"",""https://m.media-amazon.com/images/I/41Fey5kIW0L._AC_SR38,50_.jpg"",""https://m.media-amazon.com/images/I/51SwiLbFWLL._AC_SR38,50_.jpg"",""https://m.media-amazon.com/images/I/31CAFBgRZ+L._AC_SR38,50_.jpg"",""https://m.media-amazon.com/images/I/410MA57K5tL._AC_SR38,50_.jpg""]",,N,N,N,N,,N,,2023-10-12T20:57:22.881Z,2023-10-12T20:54:14.823Z,https://www.amazon.fr/X-FORCE-FLEX-11-60-ANIMAL-RH9879WO/dp/B09H7K74ST/ref=sr_1_1?__mk_fr_FR=�MŎ��&crid=2POCN4417H1TH&keywords=3221616000735&qid=1696519034&sprefix=3221616000735%2Caps%2C880&sr=8-1,,,
599.79,GRATUITE,Y,Rowenta,"149,95  € x 4",,-58 %,En stock,Livraison GRATUITE mercredi 18 octobre. DétailsOu livraison accélérée lundi 16 octobre. Commandez dans les 2 h 56 min. DétailsLivraison GRATUITE mercredi 18 octobre. DétailsOu livraison accélérée lundi 16 octobre. Commandez dans les 2 h 56 min. DétailsLivraison GRATUITE vendredi 20 octobre. DétailsOu livraison accélérée jeudi 19 octobre. Détails ,119.958,mercredi 18 octobre,"4,0",121,39%,40%,7%,6%,8%,121,B0B8JCW6J1," ‎34,2 x 34,2 x 8 cm; 3,62 kilogrammes ", ‎RR9067 ,,,fr,"Rowenta Aspirateur Robot Laveur, Nettoyage 4-en-1, Design ultrafin, Intelligence Artificielle, Navigation Laser ultraprécise, X-Plorer Serie 130 AI, Blanc RR9067WH"," Description du produit Découvrez le plaisir d'un nettoyage intelligent et sur mesure, le tout dans un design ultra-fin pour couvrir les moindres recoins de votre maison. D'une hauteur de 8 cm seulement, l'aspirateur Rowenta X-PLORER Serie 130 AI offre un nettoyage personnalisé partout où vous en avez besoin. Combinant le meilleur de la technologie d’aspiration Rowenta avec un filtre efficace, une turbo-brosse et 2 lingettes standard, X-PLORER Serie 130 AI vous permettra de garder votre maison propre en toute tranquillité. La navigation laser garantit un nettoyage sur-mesure et intelligent, couvrant l’intégralité de votre maison, avec une cartographie permanente et des services d'intelligence artificielle offrant une expérience optimale de nettoyage. Avertissement De Sûreté Se référer au mode d'emploi du produit ou à son safety book "," À propos de cet article ACTION DE NETTOYAGE 4-EN-1 : Une aspiration allant jusqu'à 2 700 Pa grâce à un moteur BLDC, une brosse centrale motorisée pour une action efficace, 2 brossettes latérales pour atteindre les moindres recoins et le système de lingette humide Aqua Power pour laver tous types de sols DESIGN ULTRA-FIN : Technologie laser sans tourelle pour un aspirateur robot XS de seulement 8 cm de haut, qui se faufile sous les meubles les plus bas avec une navigation en lignes droites et intelligente NETTOYAGE SUR MESURE : Découvrez la cartographie permanente sur l'application gratuite avec des fonctions avancées personnalisées comme le nettoyage par pièce, les zones interdites d’accès, l’aspiration sans lingette humide, les zones de nettoyage intensif et plus encore INTELLIGENCE ARTIFICIELLE : Un aspirateur robot qui apprend au fur et à mesure des utilisations pour une plus grande autonomie et une charge mentale allégée. X-PLORER Serie 130 AI vous propose des recommandations basées sur vos habitudes, suggérant des programmes pour vous, etc. Également compatible avec les assistants vocaux. Réparabilité 15 ans, garantie 2 ans UNE MAISON PROPRE : Profitez d'une propreté inégalée et d’un air pur grâce à la turbo-brosse combinée à 2 lingettes standard tout-usage, ainsi qu'un filtre efficace qui capture allergènes et poussière. AUTONOMIE LONGUE DURÉE : Sa batterie lithium-ion durable et performante offre jusqu'à 120 minutes d'autonomie sur une seule charge, soit suffisamment pour couvrir jusqu'à 120 mètres carrés SESSIONS SILENCIEUSES : Nettoyage efficace avec un niveau sonore de 60 dB(A) en mode silencieux, pour un nettoyage moins bruyant qu'une conversation à voix haute NETTOYAGE ET ENTRETIEN FACILES : Une poignée ergonomique facile à saisir pour retirer et vider le bac à poussière sans effort, une lingette qui se clipse et une brosse centrale avec des embouts amovibles faciles à nettoyer Livré avec : 2 lingettes standard tout-usage Afficher plus ",7,"[""https://m.media-amazon.com/images/I/41Ko0rjfieL._AC_US75_.jpg"",""https://m.media-amazon.com/images/I/31PlBwdhkHL._AC_US75_.jpg"",""https://m.media-amazon.com/images/I/517etBHzCkL._AC_US75_.jpg"",""https://m.media-amazon.com/images/I/51nmv5oiRJL._AC_US75_.jpg"",""https://m.media-amazon.com/images/I/51xeLaIinvL._AC_US75_.jpg"",""https://m.media-amazon.com/images/I/41mKMQm8EOL.SS125_PKplay-button-mb-image-grid-small_.jpg"",""https://m.media-amazon.com/images/G/08/HomeCustomProduct/imageBlock-360-thumbnail-icon-small._CB610489933_FMpng_RI_.png""]",,Y,Y,N,Y,,Y,,2023-10-12T21:04:10.212Z,2023-10-12T20:54:14.823Z,https://www.amazon.fr/Rowenta-Aspirateur-Intelligence-Artificielle-ultrapr�cise/dp/B0B8JCW6J1/ref=sr_1_1?__mk_fr_FR=�MŎ��&crid=YBR8YFWK9KZI&keywords=3221616042582&qid=1696519078&sprefix=3221616042582%2Caps%2C213&sr=8-1&th=1,,,
91.40,GRATUITE,N,Rowenta,"22,85  € x 4",,,En stock,Livraison GRATUITE mercredi 18 octobre. DétailsOu livraison accélérée samedi 14 octobre. Commandez dans les 2 h 59 min. DétailsLivraison GRATUITE mercredi 18 octobre. DétailsOu livraison accélérée samedi 14 octobre. Commandez dans les 2 h 59 min. DétailsLivraison GRATUITE mardi 17 octobre. Commandez dans les 59 min. DétailsRetrait GRATUIT mardi 17 octobreOu retrait accéléré lundi 16 octobre. Commandez dans les 2 h 59 min ,18.28,mercredi 18 octobre,"4,0",1283,54%,21%,10%,5%,11%,1283,B09T3HY694,,,,,fr,Rowenta Activ’ Ultimate Care Experience Brosse rotative Sublime la santé des cheveux Booster d'éclat Création de volume Concentrateur Utilisation 2-en-1 Fonction Flip innovante CF9720F0," La brosse soufflante rotative Brush Activ’ Ultimate Care de Rowenta offre le parfait équilibre entre un résultat professionnel et un soin total, grâce à la technologie Careful Heat qui contrôle la température du flux d'air en dessous de 80°C pour des cheveux protégés et plus sains. Découvrez une expérience de coiffage exceptionnelle, du préséchage aux dernières retouches : un revêtement en céramique de quartz et un système ionique pour apporter de la brillance à vos cheveux, un mode Volume pour offrir plus de volume, un design ergonomique innovant, des coiffures variées et bien plus encore. "," À propos de cet article TECHNOLOGIE CAREFUL HEAT : un brushing parfait qui apporte brillance et soin total, grâce à la technologie Careful Heat qui contrôle la température du flux d'air en dessous de 80°C pour des cheveux protégés et plus sains BOOSTER D'ÉCLAT : l'association parfaite entre un revêtement en céramique de quartz, un système ionique qui réduit l'électricité statique et des poils naturels pour une brosse chauffante qui lisse les cheveux et les rend plus brillants CRÉATION DE VOLUME : le mode Volume combine un flux d'air constant et puissant à la rotation rapide de la brosse Care-Styling de 50 mm pour créer un volume incroyable EXPÉRIENCE 2-EN-1 : cette brosse rotative 2 en 1 présèche et met en forme avec respect grâce à la brosse Care-Styling et au concentrateur exclusif Care-Blow Réparabilité 10 ans, Garantie 2 ans DESIGN INNOVANT : la fonction Flip permet de plier la brosse de coiffage Care-styling pour atteindre les zones les plus inaccessibles comme l'arrière de la tête COIFFURES VARIÉES : qu'il s'agisse de réaliser un brushing au volume incroyable ou de belles ondulations, Brush Activ’ Ultimate Care vous offre de nombreuses possibilités et vous garantit des résultats dignes d'un professionnel COMPACT ET ERGONOMIQUE : brosse soufflante compacte pour une utilisation facile, avec un embout isolant qui tourne librement lorsque vous réalisez votre coiffure en toute simplicité LIVREE AVEC : brosse Care Styling 50 mm, concentrateur exclusif Care-Blow, protection de brosse Afficher plus ",7,"[""https://m.media-amazon.com/images/I/31T2WI3bXUL._AC_US40_.jpg"",""https://m.media-amazon.com/images/I/31-A5bAWliL._AC_US40_.jpg"",""https://m.media-amazon.com/images/I/61uweNymX7L._AC_US40_.jpg"",""https://m.media-amazon.com/images/I/61dz2ue+WiL._AC_US40_.jpg"",""https://m.media-amazon.com/images/I/51vjeQdek2L._AC_US40_.jpg"",""https://m.media-amazon.com/images/I/41R7shKtpBL._AC_US40_.jpg"",""https://m.media-amazon.com/images/I/51-RUqSkm+L.SS40_BG85,85,85_BR-120_PKdp-play-icon-overlay__.jpg""]",,Y,Y,N,Y,,Y,,2023-10-12T21:01:04.511Z,2023-10-12T20:54:14.823Z,https://www.amazon.fr/Rowenta-Experience-Concentrateur-Utilisation-innovante/dp/B09T3HY694/ref=sr_1_1?__mk_fr_FR=�MŎ��&crid=3KKWCCJWJ95S2&keywords=3121040085851&qid=1696519139&sprefix=3121040085851%2Caps%2C413&sr=8-1,,,
108.98,GRATUITE,N,Rowenta,"27,24  € x 4",,,En stock,Livraison GRATUITE mardi 17 octobre. DétailsOu livraison accélérée lundi 16 octobre. Commandez dans les 2 h 56 min. DétailsLivraison GRATUITE mardi 17 octobre. DétailsOu livraison accélérée lundi 16 octobre. Commandez dans les 2 h 56 min. DétailsLivraison GRATUITE jeudi 19 octobre. DétailsOu livraison accélérée mardi 17 octobre. Commandez dans les 2 h 56 min. Détails ,21.796,mardi 17 octobre,"4,0",1283,,,,,,1283,B07VZXC1M1,,,,,fr,"Rowenta Brosse soufflante rotative 2-en-1, Sèche, Coiffe les cheveux, 3 brosses incluses, Réduit l'électricité statique et les frisottis, Ultimate Expérience, Noir/cuivre CF9620F0"," À propos de cet article PERFORMANCE 2 en 1 : cette brosse soufflante sèche et met en forme vos cheveux pour un coiffage facile et rapide d'une qualité professionnelle ROTATIVE : La brosse rotative la plus compacte de Rowenta avec un mouvement de rotation automatique qui reproduit à la perfection les gestes du coiffeur directement chez vous LES GESTES DU COIFFEUR REPRODUITS CHEZ VOUS : le mouvement de rotation automatique, identique à celui effectué par un coiffeur, permet de mettre en forme vos cheveux et d'apporter de la brillance DES RESULTATS SUR MESURE : équipée de 3 brosses spécialement conçues avec des professionnels pour répondre aux besoins de tous les types de cheveux et apporter davantage de souplesse : fins et plats (50 mm) épais et indisciplinés (50 mm) courts et franges (38 mm) Réparabilité 10 ans, Garantie 2 ans MODE STYLE ASSIST : il s'occupe de coiffer vos cheveux à votre place grâce à l'ajustement automatique de la température et de la vitesse de rotation pour des résultats parfaits et sur-mesure : du volume de la racine aux pointes, une chevelure lisse et soyeuse ou une brillance durable UTILISATION SIMPLE ET INTUITIVE : découvrez des programmes avec différents réglages de température et de vitesse qui permettent de répondre à toutes vos envies : volume, cheveux lisses et soyeux, brillance, résultats durables Longueur du cordon électrique: 2 m. Minuterie intégrée : Non Température maximale du flux d'air : 80°C. Cordon 360° : Oui. Tension : 220-240 V. Puissance : 630-750 W Réglages Vitesse / Température : 3 Afficher plus "," À propos de cet article PERFORMANCE 2 en 1 : cette brosse soufflante sèche et met en forme vos cheveux pour un coiffage facile et rapide d'une qualité professionnelle ROTATIVE : La brosse rotative la plus compacte de Rowenta avec un mouvement de rotation automatique qui reproduit à la perfection les gestes du coiffeur directement chez vous LES GESTES DU COIFFEUR REPRODUITS CHEZ VOUS : le mouvement de rotation automatique, identique à celui effectué par un coiffeur, permet de mettre en forme vos cheveux et d'apporter de la brillance DES RESULTATS SUR MESURE : équipée de 3 brosses spécialement conçues avec des professionnels pour répondre aux besoins de tous les types de cheveux et apporter davantage de souplesse : fins et plats (50 mm) épais et indisciplinés (50 mm) courts et franges (38 mm) Réparabilité 10 ans, Garantie 2 ans MODE STYLE ASSIST : il s'occupe de coiffer vos cheveux à votre place grâce à l'ajustement automatique de la température et de la vitesse de rotation pour des résultats parfaits et sur-mesure : du volume de la racine aux pointes, une chevelure lisse et soyeuse ou une brillance durable UTILISATION SIMPLE ET INTUITIVE : découvrez des programmes avec différents réglages de température et de vitesse qui permettent de répondre à toutes vos envies : volume, cheveux lisses et soyeux, brillance, résultats durables Longueur du cordon électrique: 2 m. Minuterie intégrée : Non Température maximale du flux d'air : 80°C. Cordon 360° : Oui. Tension : 220-240 V. Puissance : 630-750 W Réglages Vitesse / Température : 3 Afficher plus ",7,"[""https://m.media-amazon.com/images/I/41i8s1GIQmL._AC_US40_.jpg"",""https://m.media-amazon.com/images/I/41GXTUFb62L._AC_US40_.jpg"",""https://m.media-amazon.com/images/I/51Ez16QJMZL._AC_US40_.jpg"",""https://m.media-amazon.com/images/I/51Z3d0yRuoL._AC_US40_.jpg"",""https://m.media-amazon.com/images/I/41c5dKWknUL._AC_US40_.jpg"",""https://m.media-amazon.com/images/I/416o7P-5SZL._AC_US40_.jpg"",""https://m.media-amazon.com/images/I/51RSTidxniL.SS40_BG85,85,85_BR-120_PKdp-play-icon-overlay__.jpg""]",,N,N,N,N,,N,,2023-10-12T21:04:45.351Z,2023-10-12T20:54:14.823Z,https://www.amazon.fr/Ultimate�-Experience-soufflante-l�lectricit�-CF9620F0/dp/B07VZXC1M1/ref=sr_1_fkmr0_1?__mk_fr_FR=�MŎ��&keywords=virtuoso+brush+ultimate+experience&qid=1696519624&sr=8-1-fkmr0,,,
522.99,GRATUITE,Y,Rowenta,"130,75  € x 4",,-5 %,En stock,Livraison GRATUITE mercredi 18 octobre. DétailsOu livraison accélérée lundi 16 octobre. Commandez dans les 3 h. DétailsLivraison GRATUITE mercredi 18 octobre. DétailsOu livraison accélérée lundi 16 octobre. Commandez dans les 3 h. DétailsLivraison GRATUITE mardi 17 octobre. Commandez dans les 1 h. Détails ,104.598,mercredi 18 octobre,"4,3",800,61%,26%,5%,1%,7%,800,B0B9HMMPKV," ‎25,5 x 25,5 x 85,1 cm; 7,24 kilogrammes ", ‎QU5062 ,,,fr,"Rowenta Purificateur d'air 3-en-1, Purificateur + chauffage + ventilateur, Puissant, Silencieux, Multi-oscillations, Purifie, Chauffe, Rafraîchit, Eclipse 3-en-1 Urban Métal, Gris foncé QU5062F0"," Avec Eclipse 3-en-1, découvrez la solution idéale pour un air pur et sain dans votre maison, toute l’année ! La combinaison parfaite d’un purificateur d'air, d’un chauffage et d’un ventilateur colonne pour vous garantir un confort toute l'année grâce à flux d'air pur constant. Chaleur discrète ou puissante en hiver, rafraîchissement silencieux ou intense en été, ses modes jour et nuit pratiques ajustent automatiquement la puissance en fonction de vos besoins. Pour une utilisation encore plus personnalisée, choisissez parmi les nombreux angles d'oscillation, modes et vitesses qu’offre l’appareil! Le tout avec un flux d'air purifié constant : jusqu’à 99,9 %* des particules d'une taille aussi infime que 0,1 micron (notamment la poussière, les allergènes, les bactéries) et de 99 % du virus H1N1 éliminées. "," À propos de cet article 3-EN-1 POUR UNE UTILISATION TOUTE L'ANNÉE : La combinaison parfaite d’un purificateur d'air, d’un chauffage et d’un ventilateur dans un seul appareil pour respirer un air sain tous les jours de l'année DIFFUSION D'UN AIR PUR EN CONTINU : Efficacité prouvée pour éliminer jusqu'à 99,9 %* des particules d'une taille aussi infime que 0,1 micron (y compris la poussière, les allergènes et les bactéries) et jusqu'à 99 % du virus H1N1**. Débit d’air pur (CADR) de 107 m3/h : idéal pour purifier des pièces allant jusqu'à 30 m2 CHALEUR INCOMPARABLE : Mode chauffage qui diffuse une chaleur rapide et enveloppante allant jusqu'à 35 °C grâce à la technologie céramique (2 100 W). Fonction d'arrêt automatique pour éviter les risques de surchauffe RAFRAÎCHISSEMENT INTENSE : Un design de ventilateur colonne avec la vitesse d'air (2,2 m/s) et le débit d'air (358 l/s) les plus puissants de sa catégorie. Une portée allant jusqu'à 8 m pour un rafraîchissement optimal, même de loin. Réparabilité 15 ans, garantie 2 ans SILENCIEUX : Pratiquement inaudible avec le réglage minimum du mode ventilateur : 31 dB(A). L’hiver, profitez du mode chauffage à 49 dB(A) seulement. AUTOMATIQUE : Modes jour et nuit automatiques pour ajuster la puissance en fonction de la température, grâce à un thermostat intégré UTILISATION PERSONNALISÉE : Une diffusion de l'air optimale grâce à la fonction multi-oscillation (0-30-60-90°). INDICATION LUMINEUSE : Panneau numérique avec affichage de la température ou encore de la vitesse sélectionnée. Lumière d’ambiance rouge ou bleue selon le mode activé (chauffage ou ventilation) LIVRE AVEC : Télécommande Afficher plus ",7,"[""https://m.media-amazon.com/images/I/31+23HRJGVL._AC_US75_.jpg"",""https://m.media-amazon.com/images/I/31zGmOkEIyL._AC_US75_.jpg"",""https://m.media-amazon.com/images/I/310GjRFfOTL._AC_US75_.jpg"",""https://m.media-amazon.com/images/I/41wr8ZLz-FL._AC_US75_.jpg"",""https://m.media-amazon.com/images/I/41eUuKIEcRL._AC_US75_.jpg"",""https://m.media-amazon.com/images/I/51LAg-boGGL.SS125_PKplay-button-mb-image-grid-small_.jpg"",""https://m.media-amazon.com/images/G/08/HomeCustomProduct/imageBlock-360-thumbnail-icon-small._CB610489933_FMpng_RI_.png""]",,Y,Y,N,Y,,Y,,2023-10-12T21:00:08.059Z,2023-10-12T20:54:14.823Z,https://www.amazon.fr/Rowenta-Purificateur-ventilateur-Silencieux-Multi-oscillations/dp/B0B9HMMPKV/ref=sr_1_1?__mk_fr_FR=�MŎ��&crid=2XKWJ9QHHV2SN&keywords=3121040087749&qid=1696519652&sprefix=3121040087749%2Caps%2C354&sr=8-1&th=1,,,
336.70,GRATUITE,Y,Rowenta,"84,18  € x 4",,-25 %,En stock,"Livraison GRATUITE mardi 5 décembre. DétailsOu livraison accélérée mercredi 18 octobre. Commandez dans les 3 h. DétailsLivraison GRATUITE mardi 5 décembre. DétailsOu livraison accélérée mercredi 18 octobre. Commandez dans les 3 h. DétailsLivraison à 6,99 € mardi 24 octobre. Détails ",67.34,mardi 5 décembre,"4,3",800,61%,26%,5%,1%,7%,800,B08VJBK2XX," ‎10,04 x 25,5 x 108 cm; 6,76 kilogrammes ", ‎QU5030F0 ,,,fr,"Rowenta Eclipse Purificateur ventilateur 2 en 1, Purification efficace, Rafraîchissement intense, Silencieux multi-oscillations, 12 vitesses QU5030F0"," Le purificateur ventilateur 2 en 1 Eclipse de Rowenta associe un rafraîchissement puissant à un air sain. Cet appareil 2 en 1 est doté d'un purificateur d'air qui offre une filtration exceptionnelle : jusqu'à 99,95 % des particules fines capturées, y compris les poils d'animaux, les cheveux, l en a poussière, le pollen, les allergènes et autres particules fines de taille infime allant jusqu'à 0,1 micron telles que les virus. Il est également équipé d'un ventilateur colonne élégant qui délivre un puissant débit d’air réparti sur une surface optimale, le tout dans un silence absolu. Avec ses 12 vitesses, ses modes Nuit, Auto et sa fonction multi-oscillations, il assure une ventilation personnalisée et adaptée à tous vos besoins. Pour une utilisation encore plus pratique, Eclipse est également programmable avec son minuteur de 12 heures et son départ différé. Il propose même en complément une douce lumière bleue pour créer une ambiance calme et détendue. "," À propos de cet article 2 EN 1 : un purificateur d'air et un ventilateur combinés en un seul appareil PURIFICATION D'AIR REMARQUABLE : deux filtres purificateurs d'air haute densité capturent jusqu'à 99,95 % des particules fines, y compris les poils d'animaux, les cheveux, la poussière, le pollen, les allergènes et autres particules fines HAUTE EFFICACITɠ: un purificateur ventilateur 2 en 1 à l'efficacité scientifiquement prouvée sur des particules de tailles infimes allant jusqu'à 0,1 micron et sur des particules en suspension aussi petites que des virus (testé sur H1N1) ULTRA-PUISSANT : surface de diffusion optimale dans toute la pièce, jusqu'à 8 mètres de portée Réparabilité 15 ans, Garantie 2 ans ULTRA-SILENCIEUX : seulement 32 dB (A) en vitesse minimale VENTILATION PERSONNALISÉE : ventilateur colonne à 12 vitesses (dont 4 silencieuses), 2 modes (Nuit et Auto), et une fonction multi-oscillations (30°, 60°, 120°) PROGRAMMABLE : minuteur pratique de 12 heures avec fonction départ différé et arrêt automatique DÉCORATIF : une douce lumière bleue peut être allumée pour créer une atmosphère de détente PACK CONTENANT : 2 filtres à particules haute densité XD6520F0 et une télécommande Afficher plus ",7,"[""https://m.media-amazon.com/images/I/3118SIOecmL._AC_US75_.jpg"",""https://m.media-amazon.com/images/I/51rO33dAcGL._AC_US75_.jpg"",""https://m.media-amazon.com/images/I/41bDOU+jEpL._AC_US75_.jpg"",""https://m.media-amazon.com/images/I/517Ycn0sZ+L._AC_US75_.jpg"",""https://m.media-amazon.com/images/I/41ly550z-7L._AC_US75_.jpg"",""https://m.media-amazon.com/images/I/51BqD6QHkRL.SS125_PKplay-button-mb-image-grid-small_.jpg"",""https://m.media-amazon.com/images/G/08/HomeCustomProduct/imageBlock-360-thumbnail-icon-small._CB610489933_FMpng_RI_.png""]",,Y,Y,N,Y,,Y,,2023-10-12T21:01:18.070Z,2023-10-12T20:54:14.823Z,https://www.amazon.fr/Rowenta-Purificateur-Rafra�chissement-multi-oscillations-QU5030F0/dp/B08VJBK2XX/ref=sr_1_1?__mk_fr_FR=�MŎ��&crid=1LOW8QFIIIZ22&keywords=3121040081280&qid=1696519753&sprefix=3121040081280%2Caps%2C266&sr=8-1,,,
249.00,GRATUITE,Y,Rowenta,,,-55 %,En stock,Livraison GRATUITE 16 - 17 octobre. DétailsOu livraison accélérée 14 - 16 octobre. DétailsLivraison GRATUITE 16 - 17 octobre. DétailsOu livraison accélérée 14 - 16 octobre. DétailsLivraison GRATUITE jeudi 19 octobre. DétailsOu livraison accélérée mardi 17 octobre. Commandez dans les 3 h 2 min. Détails ,49.8,16 - 17 octobre,"4,6",1584,73%,19%,4%,2%,2%,1584,B08ZH9TXQY," ‎44 x 40 x 80,5 cm; 8 kilogrammes ", ‎PU8080 ,,,fr,ROWENTA | PURIFICATEUR D'AIR | Pure Home | Boîtier de suivi de la qualité de l’air amovible Filtration HEPA Détection de la pollution en temps réel 100% des allergènes éliminés PU8080F0," Respirer un air sain n'a jamais été aussi important ! Pure Home est le purificateur d'air connecté le plus puissant de Rowenta. Jusqu'à 100 % des allergènes filtrés*. Une conception innovante, une technologie numérique et une filtration intelligente : le meilleur de la purification pour des performances optimales. Découvrez le boitier de suivi de la qualité de l'air, un dispositif unique qui permet de détecter la pollution ambiante à l'intérieur de n’importe quelle pièce de votre maison, sans avoir à déplacer l'intégralité du purificateur d'air. "," À propos de cet article ÉLIMINATION EFFICACE DE LA POLLUTION DE L'AIR : système de purification 360° CADR puissant de 515 m3/h, de quoi renouveler le volume d'air d'une pièce de 20 m2 en 6 minutes seulement (hauteur sous plafond standard de 2.5m) PRATICITE : boîtier amovible pour détecter et suivre la pollution en temps réel partout dans votre maison avec précision FILTRATION HEPA : technologie de filtration exclusive pour filtrer jusqu'à 100 % des allergènes* et jusqu'à 99,995 % des particules fines pouvant atteindre 0,1 micron (Test réalisé en laboratoire externe sur particules comprises entre 0,1 et 1 micron, 2021) DESTRUCTION DU FORMALDÉHYDE : filtre NanoCaptur+ pour détruire de manière définitive le formaldéhyde, le polluant le plus dangereux des environnements domestiques (Test en laboratoire externe, septembre 2018) Réparabilité 15 ans, Garantie 2 ans SUIVI EN TEMPS RÉEL : suivez la qualité de l'air et visualisation les performance de purification de votre appareil en temps réel CONÇU POUR SATISFAIRE LES PLUS HAUTES EXIGENCES : 3 modes automatiques avec réglage intelligents dont un mode allergène dédié avec capteur haute sensibilité APPLICATION PURE AIR BY ROWENTA : Contrôlez l'appareil à distance et prédéfinissez les horaires de fonctionnement hebdomadaires pour une utilisation sans tracas FONCTIONS PRATIQUES : Minuteur 8 h, mode silencieux 32dB(A) et design intelligent avec poignées et roues pour un déplacement facile de l'appareil Afficher plus ",7,"[""https://m.media-amazon.com/images/I/41MCWXKt8RL._AC_US75_.jpg"",""https://m.media-amazon.com/images/I/61vPw6HbodL._AC_US75_.jpg"",""https://m.media-amazon.com/images/I/51q0MXQ40gL._AC_US75_.jpg"",""https://m.media-amazon.com/images/I/51lkVVw+xkL._AC_US75_.jpg"",""https://m.media-amazon.com/images/I/51DwdHf5D+L._AC_US75_.jpg"",""https://m.media-amazon.com/images/I/51WsOFcA1wL._AC_US75_.jpg"",""https://m.media-amazon.com/images/I/51z3W8yLN+L.SS125_PKplay-button-mb-image-grid-small_.jpg""]",,Y,N,N,Y,,N,,2023-10-12T20:59:02.009Z,2023-10-12T20:54:14.823Z,https://www.amazon.fr/Rowenta-Purificateur-amovible-Filtration-HEPA-D�tection-�limin�s-PU8080F0/dp/B08ZH9TXQY/ref=sr_1_1?__mk_fr_FR=�MŎ��&crid=3NK5FZKV30UMN&keywords=3121047243148&qid=1696519779&sprefix=3121047243148%2Caps%2C231&sr=8-1,,,
1349.99,GRATUITE,Y,Moulinex,,,-47 %,En stock,Livraison GRATUITE mercredi 18 octobre. DétailsOu livraison accélérée samedi 14 octobre. Commandez dans les 3 h 4 min. DétailsLivraison GRATUITE mercredi 18 octobre. DétailsOu livraison accélérée samedi 14 octobre. Commandez dans les 3 h 4 min. DétailsLivraison GRATUITE jeudi 19 octobre. DétailsOu livraison accélérée mardi 17 octobre. Commandez dans les 3 h 4 min. Détails ,269.998,mercredi 18 octobre,"4,6",1140,76%,14%,6%,2%,2%,1140,B09BNM9ZRN, ‎35 x 31 x 32 cm; 8 kilogrammes , ‎HF9345 ,,,fr,"Moulinex HF9345 I-Companion Touch XL robot cuiseur multifonction, 1550 W, 3L, de 30 à 150 °C, 14 programmes automatiques, 6 accessoires dédiés, recettes personnelles via l'application, écran tactile", Moulinex propose la meilleure variété de produits de bonne qualité. Il suit des normes plus élevées en matière de satisfaction des clients. Meilleur prix. ," À propos de cet article I-Companion Touch XL : Préparez des plats rapidement et facilement grâce à sa puissance de 1550 W et sa grande capacité de 4,5 l (capacité de fonctionnement 3 litres). Laissez-vous guider par l'écran tactile intuitif, pour cuisiner encore plus facilement. Robot cuiseur multifonction : Les 14 programmes automatiques vous permettent de cuisiner, bouillir, cuire à vapeur, rissoler, mélanger, pétrir et fouetter avec une simple pression sur l'écran ; et en mode manuel, vous pouvez régler la durée, la température et la vitesse. Recettes mises à jour continuellement : Profitez d'une liste illimitée de recettes qui se met à jour chaque mois, directement sur l'écran tactile. Découvrez de nouveaux plats à essayer en vous connectant à la grande communauté créative des amateurs de cuisine. Cuisinez comme un chef : Consultez des recettes étape par étape et des tutoriels vidéo faciles à suivre directement sur l'écran tactile du robot cuiseur pour cuisiner comme un vrai chef. Organisation en cuisine : Créez et organisez vos recettes personnelles grâce à l'application et retrouvez-les ensuite directement sur l'écran de votre robot de cuisine Moulinex I-Companion Touch XL. Laissez-vous inspirer : Trouvez l'inspiration avec les ingrédients que vous avez chez vous. Grâce à la fonction « Dans mon réfrigérateur », insérez manuellement vos ingrédients et leur poids (ou utilisez la balance Smart) pour consulter des recettes personnalisées. Accessoires dédiés : Comprend 6 accessoires pour des résultats parfaits avec chaque préparation : Hachoir, lame pour pétrir, fouet, mixeur et panier à vapeur. Autres accessoires compatibles disponibles : râpe 5-1 (pour émincer, râper, couper en tranches fines ou épaisses, racler), cuiseur à vapeur,mini récipient pour cuisson, mini bol pour repas, balance connectée, sac de transport et kit de mélange et pétrissage. ",7,"[""https://m.media-amazon.com/images/I/31ZSxjHBITL._AC_US75_.jpg"",""https://m.media-amazon.com/images/I/41xqE0CK2mL._AC_US75_.jpg"",""https://m.media-amazon.com/images/I/31VNRpZpYBL._AC_US75_.jpg"",""https://m.media-amazon.com/images/I/41tsPnwV4VL._AC_US75_.jpg"",""https://m.media-amazon.com/images/I/41VirzO1RPL._AC_US75_.jpg"",""https://m.media-amazon.com/images/I/41siHgApn+L._AC_US75_.jpg"",""https://m.media-amazon.com/images/I/51h+TzhkCbL.SS125_PKplay-button-mb-image-grid-small_.jpg""]",,Y,N,N,N,,N,,2023-10-12T20:56:54.046Z,2023-10-12T20:54:14.823Z,https://www.amazon.fr/Moulinex-HF9345-multifonction-automatiques-personnelles/dp/B09BNM9ZRN/ref=sr_1_1?__mk_fr_FR=%C3%85M%C3%85%C5%BD%C3%95%C3%91&crid=2VNMS4KLHXV7J&keywords=HF9345&qid=1696518046&sprefix=hf9345%2Caps%2C259&sr=8-1,,,
423.90,GRATUITE,Y,Moulinex,"105,98  € x 4",,-12 %,En stock,Livraison GRATUITE mardi 17 octobre. DétailsOu livraison accélérée samedi 14 octobre. Commandez dans les 3 h 3 min. DétailsLivraison GRATUITE mardi 17 octobre. DétailsOu livraison accélérée samedi 14 octobre. Commandez dans les 3 h 3 min. DétailsLivraison GRATUITE vendredi 20 octobre. DétailsOu livraison accélérée jeudi 19 octobre. Détails ,84.78,mardi 17 octobre,"4,6",1587,80%,11%,3%,1%,5%,1587,B0859ZJVDH," ‎33 x 33 x 30 cm; 6,4 kilogrammes ", ‎CE902800 ,,,fr,"Moulinex Cookeo Touch Wifi Multicuiseur intelligent, Haute pression, Cuve 6 L, Jusqu’à 6 personnes, Connecté, 13 modes de cuisson, Ecran tactile, 250 recettes, Noir CE902800"," Entrez dans un monde où la cuisine devient facile, rapide et inspirante avec Cookeo Touch wifi, le multicuiseur intelligent haute pression connecté de Moulinex. Trouver l'inspiration et cuisiner n'a jamais été aussi facile. Son grand écran tactile vous proose une inifinité de recettes, vous guide pas à pas en images et en vidéos et programme lui même les cuissons pour réussir vos plats à tous les coups. Gagnez du temps avec des centaines de recettes à réaliser en moins de 10 minutes, des recherches simplifiées pour trouver la recette qu'il vous faut et même trouver des recettes avec ce que vous avez dans votre frigo ! "," À propos de cet article INSPIRATION ILLIMITEE : Laissez-vous inspirer par une infinité de recettes gratuites grâce à la connexion WiFi, pour une grande variété de repas quotidiens CUISINEZ EN TOUTE SIMPLICITE : Laissez-vous guider pour réussir vos recettes, étape par étape, grâce aux photos et aux vidéos qui s’affichent sur un grand écran tactile inclinable CUISINEZ RAPIDEMENT : Découvrez plus de 100 recettes réalisables en moins de 10 min, et 13 modes de cuisson dont cuire sous pression très rapidement (mode express), cuire à la vapeur (légumes), mijoter (risotto), dorer ou cuire lentement (viandes, ragoûts) et réchauffer TROUVEZ LA RECETTE IDEALE : Recherchez des recettes en fonction des ingrédients présents dans votre réfrigérateur ou utilisez les filtres affichés à l’écran REPARABILITE 15 ANS AU JUSTE PRIX : engagement de réparabilité 15 ans au juste prix grâce à notre réseau de 6200 réparateurs dans le monde, pour contribuer à la protection de l’environnement et à la réduction des déchets GAGNEZ DU TEMPS : Pas besoin de mettre la main à la pâte : Cookeo gère la cuisson pour vous et relâche la pression automatiquement APPLICATION GRATUITE EXCLUSIVE* : Pour encore plus d'inspiration, créer votre propre livre de recettes, surveiller votre cuisson à distance et partager des conseils avec la communauté (*disponible sur l'App Store pour iPad 3/iPad mini, iPhone 4S et au delà; disponible sur Google Play pour Android 4.3 et au delà) GRANDE CAPACITE 6 L : pour préparer des plats jusqu'à 6 personnes INCLUS : cuve antiadhésive et panier vapeur compatibles lave-vaisselle AJOUTEZ DE NOUVELLES FONCTIONNALITES A VOTRE COOKEO : donnez du croustillant à vos plats grâce à l'accessoire EXTRA CRISP (vendu séparément) Afficher plus ",7,"[""https://m.media-amazon.com/images/I/31E63zICm+L._AC_US75_.jpg"",""https://m.media-amazon.com/images/I/41VF-pKeOVL._AC_US75_.jpg"",""https://m.media-amazon.com/images/I/41mvtxMVIhL._AC_US75_.jpg"",""https://m.media-amazon.com/images/I/5117Q6s3UsL._AC_US75_.jpg"",""https://m.media-amazon.com/images/I/41nK-aSFI7L._AC_US75_.jpg"",""https://m.media-amazon.com/images/I/51RMdT16NsL._AC_US75_.jpg"",""https://m.media-amazon.com/images/I/413KKUvzXyL.SS125_PKplay-button-mb-image-grid-small_.jpg""]",,Y,Y,N,Y,,Y,,2023-10-12T20:57:13.523Z,2023-10-12T20:54:14.823Z,https://www.amazon.fr/Moulinex-Multicuiseur-Intelligent-Inspiration-CE902800/dp/B0859ZJVDH/ref=sr_1_fkmr2_1?__mk_fr_FR=%C3%85M%C3%85%C5%BD%C3%95%C3%91&keywords=CE9028&qid=1696517894&sr=8-1-fkmr2,,,
